system:index,aod_055_mean,aod_055_median,aod_055_point,date,pixel_count,.geo,aod_mean
MCD19A2_A2021054_h28v07_061_2023145172655_01,0.3053379414386615,0.291,0.284,2021-02-23,288,"{""type"":""MultiPoint"",""coordinates"":[]}",0.3053379414386615
MCD19A2_A2021054_h28v07_061_2023145172655_02,0.2963931743882709,0.2885,0.288,2021-02-23,240,"{""type"":""MultiPoint"",""coordinates"":[]}",0.2963931743882709
MCD19A2_A2021055_h28v07_061_2023145174142_01,0.3869811542991754,0.375,,2021-02-24,3,"{""type"":""MultiPoint"",""coordinates"":[]}",
MCD19A2_A2021055_h28v07_061_2023145174142_02,0.4597478920741989,0.463,,2021-02-24,9,"{""type"":""MultiPoint"",""coordinates"":[]}",0.4597478920741989
MCD19A2_A2021057_h28v07_061_2023145180511_03,0.3469891481280521,0.331,,2021-02-26,7,"{""type"":""MultiPoint"",""coordinates"":[]}",0.3469891481280521
MCD19A2_A2021059_h28v07_061_2023145182724_01,0.2394001050144395,0.22,,2021-02-28,15,"{""type"":""MultiPoint"",""coordinates"":[]}",0.2394001050144395
MCD19A2_A2021059_h28v07_061_2023145182724_03,0.2115,0.2115,,2021-02-28,2,"{""type"":""MultiPoint"",""coordinates"":[]}",
MCD19A2_A2021060_h28v07_061_2023145183903_02,0.1619568826249234,0.162,0.131,2021-03-01,214,"{""type"":""MultiPoint"",""coordinates"":[]}",0.1619568826249234
MCD19A2_A2021060_h28v07_061_2023145183903_04,0.2564943240454077,0.235,,2021-03-01,8,"{""type"":""MultiPoint"",""coordinates"":[]}",0.2564943240454077
MCD19A2_A2021062_h28v07_061_2023145190240_01,0.3060149485640807,0.326,,2021-03-03,148,"{""type"":""MultiPoint"",""coordinates"":[]}",0.3060149485640807
MCD19A2_A2021063_h28v07_061_2023145191419_01,0.2849000646245316,0.2789999999999999,0.265,2021-03-04,306,"{""type"":""MultiPoint"",""coordinates"":[]}",0.2849000646245316
MCD19A2_A2021063_h28v07_061_2023145191419_03,0.3767411800180922,0.38,,2021-03-04,39,"{""type"":""MultiPoint"",""coordinates"":[]}",0.3767411800180922
MCD19A2_A2021064_h28v07_061_2023145192628_01,0.0918455040583771,0.0901318510858324,0.053,2021-03-05,299,"{""type"":""MultiPoint"",""coordinates"":[]}",0.0918455040583771
MCD19A2_A2021064_h28v07_061_2023145192628_02,0.0628514119547656,0.0513682906688687,0.039,2021-03-05,306,"{""type"":""MultiPoint"",""coordinates"":[]}",0.0628514119547656
MCD19A2_A2021065_h28v07_061_2023145193659_03,0.3158559844307493,0.308,,2021-03-06,12,"{""type"":""MultiPoint"",""coordinates"":[]}",0.3158559844307493
MCD19A2_A2021066_h28v07_061_2023145194825_01,0.1951756145060264,0.199,0.191,2021-03-07,300,"{""type"":""MultiPoint"",""coordinates"":[]}",0.1951756145060264
MCD19A2_A2021066_h28v07_061_2023145194825_02,0.1922502895020563,0.1926666666666666,0.218,2021-03-07,198,"{""type"":""MultiPoint"",""coordinates"":[]}",0.1922502895020563
MCD19A2_A2021067_h28v07_061_2023145195904_02,0.3161859984710227,0.322,0.315,2021-03-08,243,"{""type"":""MultiPoint"",""coordinates"":[]}",0.3161859984710227
MCD19A2_A2021068_h28v07_061_2023145201151_01,0.5913020569794302,0.589,,2021-03-09,35,"{""type"":""MultiPoint"",""coordinates"":[]}",0.5913020569794302
MCD19A2_A2021068_h28v07_061_2023145201151_02,0.3586616915422885,0.359,,2021-03-09,19,"{""type"":""MultiPoint"",""coordinates"":[]}",0.3586616915422885
MCD19A2_A2021069_h28v07_061_2023145202319_01,0.2134536815505795,0.2176365795724466,0.188,2021-03-10,295,"{""type"":""MultiPoint"",""coordinates"":[]}",0.2134536815505795
MCD19A2_A2021069_h28v07_061_2023145202319_04,0.389,0.389,,2021-03-10,1,"{""type"":""MultiPoint"",""coordinates"":[]}",
MCD19A2_A2021070_h28v07_061_2023145203346_01,0.2644680533374881,0.273,0.28,2021-03-11,305,"{""type"":""MultiPoint"",""coordinates"":[]}",0.2644680533374881
MCD19A2_A2021070_h28v07_061_2023145203346_02,0.32466303562831,0.329,,2021-03-11,65,"{""type"":""MultiPoint"",""coordinates"":[]}",0.32466303562831
MCD19A2_A2021071_h28v07_061_2023145204432_01,0.201523485847621,0.203,,2021-03-12,79,"{""type"":""MultiPoint"",""coordinates"":[]}",0.201523485847621
MCD19A2_A2021071_h28v07_061_2023145204432_02,0.2364573143662298,0.2378288590604027,0.229,2021-03-12,206,"{""type"":""MultiPoint"",""coordinates"":[]}",0.2364573143662298
MCD19A2_A2021072_h28v07_061_2023145205504_03,0.3539949808795411,0.357,,2021-03-13,33,"{""type"":""MultiPoint"",""coordinates"":[]}",0.3539949808795411
MCD19A2_A2021073_h28v07_061_2023145210613_01,0.4924640379019626,0.4735,0.456,2021-03-14,212,"{""type"":""MultiPoint"",""coordinates"":[]}",0.4924640379019626
MCD19A2_A2021073_h28v07_061_2023145210613_03,0.3522901677689948,0.346,0.349,2021-03-14,196,"{""type"":""MultiPoint"",""coordinates"":[]}",0.3522901677689948
MCD19A2_A2021074_h28v07_061_2023145211625_02,0.6303911919888014,0.6,,2021-03-15,38,"{""type"":""MultiPoint"",""coordinates"":[]}",0.6303911919888014
MCD19A2_A2021075_h28v07_061_2023145212539_01,0.601273512602821,0.6103536754507628,0.606,2021-03-16,240,"{""type"":""MultiPoint"",""coordinates"":[]}",0.601273512602821
MCD19A2_A2021076_h28v07_061_2023145213541_02,0.4077957393267724,0.41,0.404,2021-03-17,230,"{""type"":""MultiPoint"",""coordinates"":[]}",0.4077957393267724
MCD19A2_A2021077_h28v07_061_2023145214453_01,0.3745628882971982,0.3789999999999999,0.462,2021-03-18,187,"{""type"":""MultiPoint"",""coordinates"":[]}",0.3745628882971982
MCD19A2_A2021078_h28v07_061_2023145215456_01,0.4951547216788191,0.507,,2021-03-19,45,"{""type"":""MultiPoint"",""coordinates"":[]}",0.4951547216788191
MCD19A2_A2021078_h28v07_061_2023145215456_03,0.3814900398406374,0.404,,2021-03-19,9,"{""type"":""MultiPoint"",""coordinates"":[]}",0.3814900398406374
MCD19A2_A2021081_h28v07_061_2023145222301_03,0.2960260095824777,0.303,,2021-03-22,12,"{""type"":""MultiPoint"",""coordinates"":[]}",0.2960260095824777
MCD19A2_A2021082_h28v07_061_2023145223135_01,0.2518809167912308,0.261,,2021-03-23,87,"{""type"":""MultiPoint"",""coordinates"":[]}",0.2518809167912308
MCD19A2_A2021082_h28v07_061_2023145223135_02,0.3278667413213886,0.347,,2021-03-23,18,"{""type"":""MultiPoint"",""coordinates"":[]}",0.3278667413213886
MCD19A2_A2021083_h28v07_061_2023145224114_02,0.314,0.314,,2021-03-24,1,"{""type"":""MultiPoint"",""coordinates"":[]}",
MCD19A2_A2021084_h28v07_061_2023145230634_01,0.3248055307760928,0.327,,2021-03-25,18,"{""type"":""MultiPoint"",""coordinates"":[]}",0.3248055307760928
MCD19A2_A2021084_h28v07_061_2023145230634_02,0.2745781990521327,0.256,,2021-03-25,1,"{""type"":""MultiPoint"",""coordinates"":[]}",
MCD19A2_A2021085_h28v07_061_2023145233841_01,0.1846706977008878,0.185,0.168,2021-03-26,278,"{""type"":""MultiPoint"",""coordinates"":[]}",0.1846706977008878
MCD19A2_A2021086_h28v07_061_2023146000045_01,0.304900412001112,0.3,0.309,2021-03-27,313,"{""type"":""MultiPoint"",""coordinates"":[]}",0.304900412001112
MCD19A2_A2021087_h28v07_061_2023146003434_01,0.1748262256548018,0.1806480446927374,0.211,2021-03-28,95,"{""type"":""MultiPoint"",""coordinates"":[]}",0.1748262256548018
MCD19A2_A2021087_h28v07_061_2023146003434_02,0.3354172094617758,0.332,,2021-03-28,70,"{""type"":""MultiPoint"",""coordinates"":[]}",0.3354172094617758
MCD19A2_A2021091_h28v07_061_2023146023211_01,0.691625528317836,0.6960000000000001,0.684,2021-04-01,33,"{""type"":""MultiPoint"",""coordinates"":[]}",0.691625528317836
MCD19A2_A2021091_h28v07_061_2023146023211_03,0.122,0.122,,2021-04-01,1,"{""type"":""MultiPoint"",""coordinates"":[]}",
MCD19A2_A2021096_h28v07_061_2023146044020_01,0.2844916985557337,0.299650365630713,0.275,2021-04-06,256,"{""type"":""MultiPoint"",""coordinates"":[]}",0.2844916985557337
MCD19A2_A2021096_h28v07_061_2023146044020_02,0.3634663428174879,0.378,,2021-04-06,6,"{""type"":""MultiPoint"",""coordinates"":[]}",0.3634663428174879
MCD19A2_A2021101_h28v07_061_2023146062547_01,0.2255957174543595,0.225,,2021-04-11,139,"{""type"":""MultiPoint"",""coordinates"":[]}",0.2255957174543595
MCD19A2_A2021102_h28v07_061_2023146064232_01,0.3105379865818113,0.314,0.293,2021-04-12,230,"{""type"":""MultiPoint"",""coordinates"":[]}",0.3105379865818113
MCD19A2_A2021105_h28v07_061_2023146073024_03,0.6628659517426275,0.665,,2021-04-15,6,"{""type"":""MultiPoint"",""coordinates"":[]}",0.6628659517426275
MCD19A2_A2021112_h28v07_061_2023146093705_02,0.3854968684759917,0.382,,2021-04-22,2,"{""type"":""MultiPoint"",""coordinates"":[]}",
MCD19A2_A2021114_h28v07_061_2023146101004_01,0.2732670916869389,0.273,,2021-04-24,47,"{""type"":""MultiPoint"",""coordinates"":[]}",0.2732670916869389
MCD19A2_A2021114_h28v07_061_2023146101004_02,0.2565652234249237,0.238,,2021-04-24,28,"{""type"":""MultiPoint"",""coordinates"":[]}",0.2565652234249237
MCD19A2_A2021116_h28v07_061_2023146104914_01,0.4111346153846154,0.411,,2021-04-26,6,"{""type"":""MultiPoint"",""coordinates"":[]}",0.4111346153846154
MCD19A2_A2021116_h28v07_061_2023146104914_02,0.2820381255901794,0.2865,0.309,2021-04-26,100,"{""type"":""MultiPoint"",""coordinates"":[]}",0.2820381255901794
MCD19A2_A2021119_h28v07_061_2023146115021_01,0.3477927113702623,0.372,,2021-04-29,28,"{""type"":""MultiPoint"",""coordinates"":[]}",0.3477927113702623
MCD19A2_A2021119_h28v07_061_2023146115021_02,0.425,0.425,,2021-04-29,1,"{""type"":""MultiPoint"",""coordinates"":[]}",
MCD19A2_A2021121_h28v07_061_2023146123119_01,0.4741101159660384,0.467,,2021-05-01,77,"{""type"":""MultiPoint"",""coordinates"":[]}",0.4741101159660384
MCD19A2_A2021121_h28v07_061_2023146123119_03,0.3720636451301832,0.365,,2021-05-01,4,"{""type"":""MultiPoint"",""coordinates"":[]}",
MCD19A2_A2021122_h28v07_061_2023146124918_02,0.2588677656009419,0.268,,2021-05-02,44,"{""type"":""MultiPoint"",""coordinates"":[]}",0.2588677656009419
MCD19A2_A2021123_h28v07_061_2023146130939_03,0.2558122477740054,0.269,,2021-05-03,62,"{""type"":""MultiPoint"",""coordinates"":[]}",0.2558122477740054
MCD19A2_A2021124_h28v07_061_2023146133329_02,0.3874713375796177,0.387,,2021-05-04,27,"{""type"":""MultiPoint"",""coordinates"":[]}",0.3874713375796177
MCD19A2_A2021125_h28v07_061_2023146135516_01,0.282122168554297,0.284,0.292,2021-05-05,239,"{""type"":""MultiPoint"",""coordinates"":[]}",0.282122168554297
MCD19A2_A2021125_h28v07_061_2023146135516_02,0.3800569105691057,0.389,,2021-05-05,3,"{""type"":""MultiPoint"",""coordinates"":[]}",
MCD19A2_A2021130_h28v07_061_2023146154537_01,0.39675,0.402,,2021-05-10,12,"{""type"":""MultiPoint"",""coordinates"":[]}",0.39675
MCD19A2_A2021130_h28v07_061_2023146154537_02,0.3428779652082236,0.363,,2021-05-10,59,"{""type"":""MultiPoint"",""coordinates"":[]}",0.3428779652082236
MCD19A2_A2021133_h28v07_061_2023146165253_01,0.3601076339737106,0.373,,2021-05-13,78,"{""type"":""MultiPoint"",""coordinates"":[]}",0.3601076339737106
MCD19A2_A2021133_h28v07_061_2023146165253_04,0.3795271317829457,0.378,,2021-05-13,1,"{""type"":""MultiPoint"",""coordinates"":[]}",
MCD19A2_A2021139_h28v07_061_2023146191605_03,0.3509848694019547,0.364,0.417,2021-05-19,72,"{""type"":""MultiPoint"",""coordinates"":[]}",0.3509848694019547
MCD19A2_A2021140_h28v07_061_2023146194226_02,0.2510779078086673,0.26,,2021-05-20,157,"{""type"":""MultiPoint"",""coordinates"":[]}",0.2510779078086673
MCD19A2_A2021140_h28v07_061_2023146194226_04,0.2388696288042341,0.2215,,2021-05-20,116,"{""type"":""MultiPoint"",""coordinates"":[]}",0.2388696288042341
MCD19A2_A2021141_h28v07_061_2023146200907_01,0.4091928533893853,0.406,,2021-05-21,8,"{""type"":""MultiPoint"",""coordinates"":[]}",0.4091928533893853
MCD19A2_A2021148_h28v07_061_2023146232101_01,0.3203120907106475,0.313,,2021-05-28,132,"{""type"":""MultiPoint"",""coordinates"":[]}",0.3203120907106475
MCD19A2_A2021148_h28v07_061_2023146232101_02,0.1819225250707123,0.2009999999999999,0.208,2021-05-28,154,"{""type"":""MultiPoint"",""coordinates"":[]}",0.1819225250707123
MCD19A2_A2021149_h28v07_061_2023146234630_01,0.3067938286163522,0.317,,2021-05-29,19,"{""type"":""MultiPoint"",""coordinates"":[]}",0.3067938286163522
MCD19A2_A2021149_h28v07_061_2023146234630_04,0.4286189320388349,0.429,,2021-05-29,2,"{""type"":""MultiPoint"",""coordinates"":[]}",
MCD19A2_A2021150_h28v07_061_2023147000907_01,0.3458996089931572,0.348,,2021-05-30,40,"{""type"":""MultiPoint"",""coordinates"":[]}",0.3458996089931572
MCD19A2_A2021150_h28v07_061_2023147000907_02,0.3268750138996997,0.347,,2021-05-30,36,"{""type"":""MultiPoint"",""coordinates"":[]}",0.3268750138996997
MCD19A2_A2021155_h28v07_061_2023147020258_01,0.3980449701065764,0.398,,2021-06-04,15,"{""type"":""MultiPoint"",""coordinates"":[]}",0.3980449701065764
MCD19A2_A2021155_h28v07_061_2023147020258_03,0.2452001371473354,0.264,,2021-06-04,40,"{""type"":""MultiPoint"",""coordinates"":[]}",0.2452001371473354
MCD19A2_A2021162_h28v07_061_2023147044846_01,0.2996693755160575,0.318,,2021-06-11,90,"{""type"":""MultiPoint"",""coordinates"":[]}",0.2996693755160575
MCD19A2_A2021165_h28v07_061_2023147055938_01,0.3322498436522826,0.326,,2021-06-14,13,"{""type"":""MultiPoint"",""coordinates"":[]}",0.3322498436522826
MCD19A2_A2021165_h28v07_061_2023147055938_04,0.4075,0.4075,,2021-06-14,2,"{""type"":""MultiPoint"",""coordinates"":[]}",
MCD19A2_A2021166_h28v07_061_2023147062251_02,0.3955178571428571,0.382,,2021-06-15,4,"{""type"":""MultiPoint"",""coordinates"":[]}",
MCD19A2_A2021167_h28v07_061_2023147064811_02,0.3033541868344627,0.311,,2021-06-16,33,"{""type"":""MultiPoint"",""coordinates"":[]}",0.3033541868344627
MCD19A2_A2021168_h28v07_061_2023147071859_03,0.306,0.306,,2021-06-17,1,"{""type"":""MultiPoint"",""coordinates"":[]}",
MCD19A2_A2021169_h28v07_061_2023147074423_03,0.5207089183310265,0.518,,2021-06-18,41,"{""type"":""MultiPoint"",""coordinates"":[]}",0.5207089183310265
MCD19A2_A2021171_h28v07_061_2023147085202_01,0.417,0.417,,2021-06-20,2,"{""type"":""MultiPoint"",""coordinates"":[]}",
MCD19A2_A2021171_h28v07_061_2023147085202_03,0.2266719464343568,0.22,,2021-06-20,109,"{""type"":""MultiPoint"",""coordinates"":[]}",0.2266719464343568
MCD19A2_A2021175_h28v07_061_2023147103938_03,0.399672550213025,0.408,,2021-06-24,7,"{""type"":""MultiPoint"",""coordinates"":[]}",0.399672550213025
MCD19A2_A2021176_h28v07_061_2023147110950_02,0.3847194158486952,0.383,,2021-06-25,17,"{""type"":""MultiPoint"",""coordinates"":[]}",0.3847194158486952
MCD19A2_A2021178_h28v07_061_2023147120221_01,0.3290566695727986,0.328,,2021-06-27,8,"{""type"":""MultiPoint"",""coordinates"":[]}",0.3290566695727986
MCD19A2_A2021178_h28v07_061_2023147120221_02,0.2643450346420324,0.27,,2021-06-27,17,"{""type"":""MultiPoint"",""coordinates"":[]}",0.2643450346420324
MCD19A2_A2021179_h28v07_061_2023147122855_02,0.3759927392739274,0.393,,2021-06-28,6,"{""type"":""MultiPoint"",""coordinates"":[]}",0.3759927392739274
MCD19A2_A2021179_h28v07_061_2023147122855_03,0.361854281098546,0.382,,2021-06-28,12,"{""type"":""MultiPoint"",""coordinates"":[]}",0.361854281098546
MCD19A2_A2021180_h28v07_061_2023147125834_01,0.393890510948905,0.395,,2021-06-29,21,"{""type"":""MultiPoint"",""coordinates"":[]}",0.393890510948905
MCD19A2_A2021180_h28v07_061_2023147125834_02,0.6601285483498731,0.667,,2021-06-29,17,"{""type"":""MultiPoint"",""coordinates"":[]}",0.6601285483498731
MCD19A2_A2021182_h28v07_061_2023148215515_01,0.3457951458921607,0.355,,2021-07-01,59,"{""type"":""MultiPoint"",""coordinates"":[]}",0.3457951458921607
MCD19A2_A2021182_h28v07_061_2023148215515_02,0.2757375954198472,0.276,,2021-07-01,13,"{""type"":""MultiPoint"",""coordinates"":[]}",0.2757375954198472
MCD19A2_A2021183_h28v07_061_2023148221746_01,0.2389313186813186,0.223,,2021-07-02,9,"{""type"":""MultiPoint"",""coordinates"":[]}",0.2389313186813186
MCD19A2_A2021183_h28v07_061_2023148221746_02,0.5806314475873544,0.58,,2021-07-02,5,"{""type"":""MultiPoint"",""coordinates"":[]}",0.5806314475873544
MCD19A2_A2021185_h28v07_061_2023148230750_03,0.409892050209205,0.418,,2021-07-04,9,"{""type"":""MultiPoint"",""coordinates"":[]}",0.409892050209205
MCD19A2_A2021191_h28v07_061_2023149003145_01,0.3919413582631537,0.392,0.371,2021-07-10,51,"{""type"":""MultiPoint"",""coordinates"":[]}",0.3919413582631537
MCD19A2_A2021192_h28v07_061_2023149004442_02,0.3389680965467797,0.341,,2021-07-11,33,"{""type"":""MultiPoint"",""coordinates"":[]}",0.3389680965467797
MCD19A2_A2021201_h28v07_061_2023149022256_01,0.41,0.41,,2021-07-20,2,"{""type"":""MultiPoint"",""coordinates"":[]}",
MCD19A2_A2021206_h28v07_061_2023149030813_03,0.3353662604233483,0.327,,2021-07-25,6,"{""type"":""MultiPoint"",""coordinates"":[]}",0.3353662604233483
MCD19A2_A2021207_h28v07_061_2023149031641_03,0.3993258196721312,0.402,,2021-07-26,17,"{""type"":""MultiPoint"",""coordinates"":[]}",0.3993258196721312
MCD19A2_A2021210_h28v07_061_2023149045118_01,0.36,0.36,,2021-07-29,1,"{""type"":""MultiPoint"",""coordinates"":[]}",
MCD19A2_A2021211_h28v07_061_2023149054247_02,0.261911974532065,0.2529645390070921,,2021-07-30,103,"{""type"":""MultiPoint"",""coordinates"":[]}",0.261911974532065
MCD19A2_A2021213_h28v07_061_2023149070901_01,0.3411030502885409,0.343,,2021-08-01,58,"{""type"":""MultiPoint"",""coordinates"":[]}",0.3411030502885409
MCD19A2_A2021214_h28v07_061_2023149074531_02,0.2192968158777753,0.2172,0.21,2021-08-02,112,"{""type"":""MultiPoint"",""coordinates"":[]}",0.2192968158777753
MCD19A2_A2021221_h28v07_061_2023149122610_02,0.2044015645371578,0.193,,2021-08-09,3,"{""type"":""MultiPoint"",""coordinates"":[]}",
MCD19A2_A2021222_h28v07_061_2023149130749_01,0.3907457627118644,0.39,,2021-08-10,5,"{""type"":""MultiPoint"",""coordinates"":[]}",0.3907457627118644
MCD19A2_A2021225_h28v07_061_2023149151713_03,0.394,0.394,,2021-08-13,1,"{""type"":""MultiPoint"",""coordinates"":[]}",
MCD19A2_A2021228_h28v07_061_2023149171435_01,0.2099049884111116,0.201,0.168,2021-08-16,230,"{""type"":""MultiPoint"",""coordinates"":[]}",0.2099049884111116
MCD19A2_A2021228_h28v07_061_2023149171435_02,0.1263714356150874,0.116,0.136,2021-08-16,48,"{""type"":""MultiPoint"",""coordinates"":[]}",0.1263714356150874
MCD19A2_A2021230_h28v07_061_2023149181714_01,0.2498920604715089,0.248,0.236,2021-08-18,187,"{""type"":""MultiPoint"",""coordinates"":[]}",0.2498920604715089
MCD19A2_A2021230_h28v07_061_2023149181714_02,0.389536023054755,0.377,,2021-08-18,6,"{""type"":""MultiPoint"",""coordinates"":[]}",0.389536023054755
MCD19A2_A2021231_h28v07_061_2023149185247_01,0.6524158778625955,0.615,,2021-08-19,13,"{""type"":""MultiPoint"",""coordinates"":[]}",0.6524158778625955
MCD19A2_A2021231_h28v07_061_2023149185247_02,0.4059377713458757,0.417,,2021-08-19,5,"{""type"":""MultiPoint"",""coordinates"":[]}",0.4059377713458757
MCD19A2_A2021233_h28v07_061_2023149200154_01,0.3695171624713959,0.369,,2021-08-21,2,"{""type"":""MultiPoint"",""coordinates"":[]}",
MCD19A2_A2021233_h28v07_061_2023149200154_03,0.3628954333643989,0.376,,2021-08-21,21,"{""type"":""MultiPoint"",""coordinates"":[]}",0.3628954333643989
MCD19A2_A2021244_h28v07_061_2023150013931_02,0.2679167515274949,0.246,,2021-09-01,16,"{""type"":""MultiPoint"",""coordinates"":[]}",0.2679167515274949
MCD19A2_A2021251_h28v07_061_2023150045241_03,0.367,0.367,,2021-09-08,1,"{""type"":""MultiPoint"",""coordinates"":[]}",
MCD19A2_A2021256_h28v07_061_2023150072038_01,0.7507078484438432,0.718,,2021-09-13,30,"{""type"":""MultiPoint"",""coordinates"":[]}",0.7507078484438432
MCD19A2_A2021260_h28v07_061_2023150090309_01,0.3880445269016698,0.416,,2021-09-17,2,"{""type"":""MultiPoint"",""coordinates"":[]}",
MCD19A2_A2021260_h28v07_061_2023150090309_02,0.4025808281338627,0.385,,2021-09-17,6,"{""type"":""MultiPoint"",""coordinates"":[]}",0.4025808281338627
MCD19A2_A2021261_h28v07_061_2023150093100_04,0.395,0.395,,2021-09-18,2,"{""type"":""MultiPoint"",""coordinates"":[]}",
MCD19A2_A2021270_h28v07_061_2023150212637_01,0.3140928286339641,0.32,,2021-09-27,31,"{""type"":""MultiPoint"",""coordinates"":[]}",0.3140928286339641
MCD19A2_A2021270_h28v07_061_2023150212637_03,0.4249787234042553,0.424,,2021-09-27,2,"{""type"":""MultiPoint"",""coordinates"":[]}",
MCD19A2_A2021271_h28v07_061_2023150215426_03,0.3853520157325467,0.398,,2021-09-28,4,"{""type"":""MultiPoint"",""coordinates"":[]}",
MCD19A2_A2021272_h28v07_061_2023150222143_02,0.41,0.41,,2021-09-29,1,"{""type"":""MultiPoint"",""coordinates"":[]}",
MCD19A2_A2021283_h28v07_061_2023151034846_02,0.2354255079006772,0.26,0.315,2021-10-10,10,"{""type"":""MultiPoint"",""coordinates"":[]}",0.2354255079006772
MCD19A2_A2021292_h28v07_061_2023151072347_01,0.4112499999999999,0.414,,2021-10-19,8,"{""type"":""MultiPoint"",""coordinates"":[]}",0.4112499999999999
MCD19A2_A2021295_h28v07_061_2023151082344_01,0.4267378048780488,0.429,,2021-10-22,2,"{""type"":""MultiPoint"",""coordinates"":[]}",
MCD19A2_A2021296_h28v07_061_2023151084525_03,0.235,0.235,,2021-10-23,1,"{""type"":""MultiPoint"",""coordinates"":[]}",
MCD19A2_A2021297_h28v07_061_2023151090613_01,0.3853330415754924,0.397,,2021-10-24,10,"{""type"":""MultiPoint"",""coordinates"":[]}",0.3853330415754924
MCD19A2_A2021301_h28v07_061_2023151105451_01,0.2840207547169812,0.255,,2021-10-28,6,"{""type"":""MultiPoint"",""coordinates"":[]}",0.2840207547169812
MCD19A2_A2021301_h28v07_061_2023151105451_02,0.3080055144540345,0.3012507374631268,0.324,2021-10-28,115,"{""type"":""MultiPoint"",""coordinates"":[]}",0.3080055144540345
MCD19A2_A2021302_h28v07_061_2023151112718_01,0.3965454085504679,0.404,,2021-10-29,16,"{""type"":""MultiPoint"",""coordinates"":[]}",0.3965454085504679
MCD19A2_A2021302_h28v07_061_2023151112718_03,0.2851805519053876,0.257,,2021-10-29,16,"{""type"":""MultiPoint"",""coordinates"":[]}",0.2851805519053876
MCD19A2_A2021303_h28v07_061_2023151113750_01,0.4128265258580525,0.411,,2021-10-30,25,"{""type"":""MultiPoint"",""coordinates"":[]}",0.4128265258580525
MCD19A2_A2021303_h28v07_061_2023151113750_03,0.3833863095238095,0.382,,2021-10-30,7,"{""type"":""MultiPoint"",""coordinates"":[]}",0.3833863095238095
MCD19A2_A2021305_h28v07_061_2023151123203_03,0.3603645161290322,0.361,,2021-11-01,1,"{""type"":""MultiPoint"",""coordinates"":[]}",
MCD19A2_A2021306_h28v07_061_2023151124557_01,0.3042310364453517,0.3115,0.263,2021-11-02,201,"{""type"":""MultiPoint"",""coordinates"":[]}",0.3042310364453517
MCD19A2_A2021306_h28v07_061_2023151124557_02,0.3859140211640212,0.396,,2021-11-02,3,"{""type"":""MultiPoint"",""coordinates"":[]}",
MCD19A2_A2021307_h28v07_061_2023151130618_02,0.2537060621497707,0.251,,2021-11-03,8,"{""type"":""MultiPoint"",""coordinates"":[]}",0.2537060621497707
MCD19A2_A2021308_h28v07_061_2023151132527_02,0.2643326028488894,0.266,,2021-11-04,78,"{""type"":""MultiPoint"",""coordinates"":[]}",0.2643326028488894
MCD19A2_A2021309_h28v07_061_2023151134838_01,0.3791363563014362,0.381,,2021-11-05,24,"{""type"":""MultiPoint"",""coordinates"":[]}",0.3791363563014362
MCD19A2_A2021310_h28v07_061_2023151140814_01,0.2961204787583848,0.298,,2021-11-06,30,"{""type"":""MultiPoint"",""coordinates"":[]}",0.2961204787583848
MCD19A2_A2021310_h28v07_061_2023151140814_02,0.392,0.392,,2021-11-06,1,"{""type"":""MultiPoint"",""coordinates"":[]}",
MCD19A2_A2021311_h28v07_061_2023151142954_01,0.6496637986387569,0.61,,2021-11-07,31,"{""type"":""MultiPoint"",""coordinates"":[]}",0.6496637986387569
MCD19A2_A2021312_h28v07_061_2023151145302_04,0.1769129232895646,0.167,,2021-11-08,23,"{""type"":""MultiPoint"",""coordinates"":[]}",0.1769129232895646
MCD19A2_A2021314_h28v07_061_2023151153629_02,0.2838557111808741,0.3,,2021-11-10,33,"{""type"":""MultiPoint"",""coordinates"":[]}",0.2838557111808741
MCD19A2_A2021316_h28v07_061_2023151165657_03,0.2726895796847636,0.267,,2021-11-12,18,"{""type"":""MultiPoint"",""coordinates"":[]}",0.2726895796847636
MCD19A2_A2021319_h28v07_061_2023151173014_01,0.432,0.432,,2021-11-15,1,"{""type"":""MultiPoint"",""coordinates"":[]}",
MCD19A2_A2021322_h28v07_061_2023151184000_01,0.2657142857142857,0.25,,2021-11-18,7,"{""type"":""MultiPoint"",""coordinates"":[]}",0.2657142857142857
MCD19A2_A2021323_h28v07_061_2023151190510_02,0.2750589847318282,0.284,,2021-11-19,31,"{""type"":""MultiPoint"",""coordinates"":[]}",0.2750589847318282
MCD19A2_A2021325_h28v07_061_2023151195723_01,0.3361090253708582,0.338,,2021-11-21,142,"{""type"":""MultiPoint"",""coordinates"":[]}",0.3361090253708582
MCD19A2_A2021327_h28v07_061_2023151204540_01,0.436,0.436,,2021-11-23,1,"{""type"":""MultiPoint"",""coordinates"":[]}",
MCD19A2_A2021330_h28v07_061_2023151215801_02,0.3458051282051282,0.348,,2021-11-26,9,"{""type"":""MultiPoint"",""coordinates"":[]}",0.3458051282051282
MCD19A2_A2021337_h28v07_061_2023152005353_03,0.3380140379851362,0.337,,2021-12-03,9,"{""type"":""MultiPoint"",""coordinates"":[]}",0.3380140379851362
MCD19A2_A2021338_h28v07_061_2023152012422_01,0.43,0.43,,2021-12-04,1,"{""type"":""MultiPoint"",""coordinates"":[]}",
MCD19A2_A2021339_h28v07_061_2023152014455_02,0.1518135631777165,0.151,0.155,2021-12-05,313,"{""type"":""MultiPoint"",""coordinates"":[]}",0.1518135631777165
MCD19A2_A2021340_h28v07_061_2023152021202_01,0.2291007467890608,0.227,0.206,2021-12-06,312,"{""type"":""MultiPoint"",""coordinates"":[]}",0.2291007467890608
MCD19A2_A2021340_h28v07_061_2023152021202_02,0.3181582804103566,0.334,,2021-12-06,17,"{""type"":""MultiPoint"",""coordinates"":[]}",0.3181582804103566
MCD19A2_A2021342_h28v07_061_2023152030027_01,0.2515585954587028,0.25,0.241,2021-12-08,199,"{""type"":""MultiPoint"",""coordinates"":[]}",0.2515585954587028
MCD19A2_A2021342_h28v07_061_2023152030027_02,0.2791830644602922,0.277,0.29,2021-12-08,113,"{""type"":""MultiPoint"",""coordinates"":[]}",0.2791830644602922
MCD19A2_A2021344_h28v07_061_2023152034628_04,0.1647202580373917,0.163,0.156,2021-12-10,301,"{""type"":""MultiPoint"",""coordinates"":[]}",0.1647202580373917
MCD19A2_A2021345_h28v07_061_2023152040737_02,0.313259225706749,0.314,,2021-12-11,150,"{""type"":""MultiPoint"",""coordinates"":[]}",0.313259225706749
MCD19A2_A2021346_h28v07_061_2023152042951_02,0.339,0.342,,2021-12-12,4,"{""type"":""MultiPoint"",""coordinates"":[]}",
MCD19A2_A2021348_h28v07_061_2023152051145_02,0.2846725960299047,0.279,,2021-12-14,15,"{""type"":""MultiPoint"",""coordinates"":[]}",0.2846725960299047
MCD19A2_A2021349_h28v07_061_2023152053014_01,0.2512565501207189,0.259,,2021-12-15,44,"{""type"":""MultiPoint"",""coordinates"":[]}",0.2512565501207189
MCD19A2_A2021349_h28v07_061_2023152053014_02,0.2123122109404071,0.247,0.213,2021-12-15,75,"{""type"":""MultiPoint"",""coordinates"":[]}",0.2123122109404071
MCD19A2_A2021352_h28v07_061_2023152063231_02,0.2900231032515687,0.303,,2021-12-18,13,"{""type"":""MultiPoint"",""coordinates"":[]}",0.2900231032515687
MCD19A2_A2021355_h28v07_061_2023152073720_02,0.3017204688908927,0.268,,2021-12-21,4,"{""type"":""MultiPoint"",""coordinates"":[]}",
MCD19A2_A2021355_h28v07_061_2023152073720_04,0.3525694084843657,0.364,,2021-12-21,20,"{""type"":""MultiPoint"",""coordinates"":[]}",0.3525694084843657
MCD19A2_A2021357_h28v07_061_2023152082848_01,0.3679605263157894,0.382,,2021-12-23,1,"{""type"":""MultiPoint"",""coordinates"":[]}",
MCD19A2_A2021358_h28v07_061_2023152085326_01,0.3092286490894265,0.308,0.315,2021-12-24,219,"{""type"":""MultiPoint"",""coordinates"":[]}",0.3092286490894265
MCD19A2_A2021358_h28v07_061_2023152085326_02,0.4002069297401348,0.429,,2021-12-24,9,"{""type"":""MultiPoint"",""coordinates"":[]}",0.4002069297401348
MCD19A2_A2021359_h28v07_061_2023152091842_03,0.3517676348547718,0.3539999999999999,,2021-12-25,99,"{""type"":""MultiPoint"",""coordinates"":[]}",0.3517676348547718
MCD19A2_A2021360_h28v07_061_2023152094348_03,0.4116746987951806,0.418,,2021-12-26,5,"{""type"":""MultiPoint"",""coordinates"":[]}",0.4116746987951806
MCD19A2_A2021361_h28v07_061_2023152101005_02,0.3940232558139534,0.431,,2021-12-27,4,"{""type"":""MultiPoint"",""coordinates"":[]}",
MCD19A2_A2021362_h28v07_061_2023152103528_02,0.418503909643788,0.416,,2021-12-28,5,"{""type"":""MultiPoint"",""coordinates"":[]}",0.418503909643788
MCD19A2_A2021363_h28v07_061_2023152110255_02,0.1914775174160861,0.218,,2021-12-29,24,"{""type"":""MultiPoint"",""coordinates"":[]}",0.1914775174160861
MCD19A2_A2021364_h28v07_061_2023152112942_02,0.1526638485925641,0.155,,2021-12-30,83,"{""type"":""MultiPoint"",""coordinates"":[]}",0.1526638485925641
MCD19A2_A2021365_h28v07_061_2023157185022_01,0.1086332305436898,0.11,0.111,2021-12-31,313,"{""type"":""MultiPoint"",""coordinates"":[]}",0.1086332305436898
MCD19A2_A2021365_h28v07_061_2023157185022_02,0.1641100638377769,0.161,,2021-12-31,106,"{""type"":""MultiPoint"",""coordinates"":[]}",0.1641100638377769
MCD19A2_A2022001_h28v07_061_2024225191604_01,0.1397436266504276,0.1395,0.181,2022-01-01,286,"{""type"":""MultiPoint"",""coordinates"":[]}",0.1397436266504276
MCD19A2_A2022001_h28v07_061_2024225191604_04,0.20875,0.1925,,2022-01-01,4,"{""type"":""MultiPoint"",""coordinates"":[]}",
MCD19A2_A2022002_h28v07_061_2022348222945_03,0.1267991741741742,0.126,,2022-01-02,32,"{""type"":""MultiPoint"",""coordinates"":[]}",0.1267991741741742
MCD19A2_A2022003_h28v07_061_2022348233647_01,0.2693800104112441,0.274,,2022-01-03,8,"{""type"":""MultiPoint"",""coordinates"":[]}",0.2693800104112441
MCD19A2_A2022004_h28v07_061_2022349000924_03,0.0,0.0,,2022-01-04,1,"{""type"":""MultiPoint"",""coordinates"":[]}",
MCD19A2_A2022005_h28v07_061_2022349004833_02,0.2185358955765047,0.277,,2022-01-05,5,"{""type"":""MultiPoint"",""coordinates"":[]}",0.2185358955765047
MCD19A2_A2022006_h28v07_061_2022349014505_02,0.426,0.426,,2022-01-06,1,"{""type"":""MultiPoint"",""coordinates"":[]}",
MCD19A2_A2022007_h28v07_061_2022349024345_01,0.4915751259812829,0.513,,2022-01-07,116,"{""type"":""MultiPoint"",""coordinates"":[]}",0.4915751259812829
MCD19A2_A2022007_h28v07_061_2022349024345_03,0.2964732336782931,0.307,,2022-01-07,32,"{""type"":""MultiPoint"",""coordinates"":[]}",0.2964732336782931
MCD19A2_A2022008_h28v07_061_2022349034749_01,0.3465504966745883,0.346,0.277,2022-01-08,230,"{""type"":""MultiPoint"",""coordinates"":[]}",0.3465504966745883
MCD19A2_A2022008_h28v07_061_2022349034749_02,0.2551235814939518,0.247,,2022-01-08,63,"{""type"":""MultiPoint"",""coordinates"":[]}",0.2551235814939518
MCD19A2_A2022009_h28v07_061_2022349043943_01,0.0459698441183715,0.0343061224489795,,2022-01-09,113,"{""type"":""MultiPoint"",""coordinates"":[]}",0.0459698441183715
MCD19A2_A2022009_h28v07_061_2022349043943_02,0.2383192037678841,0.245,,2022-01-09,46,"{""type"":""MultiPoint"",""coordinates"":[]}",0.2383192037678841
MCD19A2_A2022010_h28v07_061_2022349051207_03,0.1855610042071866,0.1825,,2022-01-10,57,"{""type"":""MultiPoint"",""coordinates"":[]}",0.1855610042071866
MCD19A2_A2022011_h28v07_061_2022349062732_03,0.2271225620033711,0.238,,2022-01-11,65,"{""type"":""MultiPoint"",""coordinates"":[]}",0.2271225620033711
MCD19A2_A2022012_h28v07_061_2022349073739_01,0.0187441244104922,0.004,,2022-01-12,102,"{""type"":""MultiPoint"",""coordinates"":[]}",0.0187441244104922
MCD19A2_A2022012_h28v07_061_2022349073739_02,0.0350452006354737,0.023,,2022-01-12,78,"{""type"":""MultiPoint"",""coordinates"":[]}",0.0350452006354737
MCD19A2_A2022013_h28v07_061_2022349081128_02,0.3907383381924197,0.393,,2022-01-13,78,"{""type"":""MultiPoint"",""coordinates"":[]}",0.3907383381924197
MCD19A2_A2022014_h28v07_061_2022349090229_01,0.0399988791654093,0.0089340659340659,,2022-01-14,93,"{""type"":""MultiPoint"",""coordinates"":[]}",0.0399988791654093
MCD19A2_A2022014_h28v07_061_2022349090229_02,0.0747490004177358,0.064,0.002,2022-01-14,66,"{""type"":""MultiPoint"",""coordinates"":[]}",0.0747490004177358
MCD19A2_A2022015_h28v07_061_2022349093731_02,0.2366872239533938,0.241,0.222,2022-01-15,146,"{""type"":""MultiPoint"",""coordinates"":[]}",0.2366872239533938
MCD19A2_A2022015_h28v07_061_2022349093731_03,0.1899930324623911,0.196,,2022-01-15,50,"{""type"":""MultiPoint"",""coordinates"":[]}",0.1899930324623911
MCD19A2_A2022016_h28v07_061_2022349100519_01,0.2105825524103952,0.212,0.258,2022-01-16,287,"{""type"":""MultiPoint"",""coordinates"":[]}",0.2105825524103952
MCD19A2_A2022016_h28v07_061_2022349100519_02,0.0869025141930251,0.0815,,2022-01-16,144,"{""type"":""MultiPoint"",""coordinates"":[]}",0.0869025141930251
MCD19A2_A2022017_h28v07_061_2022349102900_01,0.3267017381466626,0.3348978873239437,0.256,2022-01-17,77,"{""type"":""MultiPoint"",""coordinates"":[]}",0.3267017381466626
MCD19A2_A2022018_h28v07_061_2022349115237_01,0.3736441614191251,0.376,0.367,2022-01-18,249,"{""type"":""MultiPoint"",""coordinates"":[]}",0.3736441614191251
MCD19A2_A2022018_h28v07_061_2022349115237_03,0.3232051282051282,0.324,,2022-01-18,1,"{""type"":""MultiPoint"",""coordinates"":[]}",
MCD19A2_A2022019_h28v07_061_2022349124620_01,0.1101250378986247,0.1025170454545454,0.05,2022-01-19,287,"{""type"":""MultiPoint"",""coordinates"":[]}",0.1101250378986247
MCD19A2_A2022019_h28v07_061_2022349124620_02,0.2319710225096804,0.2213999999999999,,2022-01-19,94,"{""type"":""MultiPoint"",""coordinates"":[]}",0.2319710225096804
MCD19A2_A2022021_h28v07_061_2022349142106_01,0.1080078423486828,0.105,0.105,2022-01-21,295,"{""type"":""MultiPoint"",""coordinates"":[]}",0.1080078423486828
MCD19A2_A2022021_h28v07_061_2022349142106_02,0.0877967766205995,0.0815,,2022-01-21,99,"{""type"":""MultiPoint"",""coordinates"":[]}",0.0877967766205995
MCD19A2_A2022022_h28v07_061_2022349151333_02,0.3323469395641197,0.3295,0.245,2022-01-22,307,"{""type"":""MultiPoint"",""coordinates"":[]}",0.3323469395641197
MCD19A2_A2022022_h28v07_061_2022349151333_04,0.3591195307545973,0.359,,2022-01-22,62,"{""type"":""MultiPoint"",""coordinates"":[]}",0.3591195307545973
MCD19A2_A2022023_h28v07_061_2022349153546_01,0.3377504176411626,0.37,,2022-01-23,12,"{""type"":""MultiPoint"",""coordinates"":[]}",0.3377504176411626
MCD19A2_A2022023_h28v07_061_2022349153546_02,0.3433569508144868,0.328,,2022-01-23,24,"{""type"":""MultiPoint"",""coordinates"":[]}",0.3433569508144868
MCD19A2_A2022023_h28v07_061_2022349153546_03,0.3155549724481763,0.353,,2022-01-23,14,"{""type"":""MultiPoint"",""coordinates"":[]}",0.3155549724481763
MCD19A2_A2022024_h28v07_061_2022349163614_01,0.3228584807906904,0.3255,0.215,2022-01-24,198,"{""type"":""MultiPoint"",""coordinates"":[]}",0.3228584807906904
MCD19A2_A2022025_h28v07_061_2022349171610_02,0.392,0.392,,2022-01-25,1,"{""type"":""MultiPoint"",""coordinates"":[]}",
MCD19A2_A2022026_h28v07_061_2022349180131_01,0.3934531416238561,0.3957941429801895,0.378,2022-01-26,130,"{""type"":""MultiPoint"",""coordinates"":[]}",0.3934531416238561
MCD19A2_A2022027_h28v07_061_2022349184859_03,0.2013730279126214,0.204,0.134,2022-01-27,208,"{""type"":""MultiPoint"",""coordinates"":[]}",0.2013730279126214
MCD19A2_A2022028_h28v07_061_2022349194031_01,0.302,0.302,,2022-01-28,1,"{""type"":""MultiPoint"",""coordinates"":[]}",
MCD19A2_A2022030_h28v07_061_2022349202854_01,0.3785189620758483,0.379,,2022-01-30,16,"{""type"":""MultiPoint"",""coordinates"":[]}",0.3785189620758483
MCD19A2_A2022030_h28v07_061_2022349202854_02,0.2529998295841854,0.285,,2022-01-30,23,"{""type"":""MultiPoint"",""coordinates"":[]}",0.2529998295841854
MCD19A2_A2022031_h28v07_061_2022349204835_02,0.1455859894345727,0.148,0.07,2022-01-31,313,"{""type"":""MultiPoint"",""coordinates"":[]}",0.1455859894345727
MCD19A2_A2022031_h28v07_061_2022349204835_03,0.2314051515964583,0.2295,,2022-01-31,59,"{""type"":""MultiPoint"",""coordinates"":[]}",0.2314051515964583
MCD19A2_A2022032_h28v07_061_2022349210947_01,0.050002972872538,0.038,,2022-02-01,86,"{""type"":""MultiPoint"",""coordinates"":[]}",0.050002972872538
MCD19A2_A2022032_h28v07_061_2022349210947_02,0.0220432950077445,0.017,0.0,2022-02-01,266,"{""type"":""MultiPoint"",""coordinates"":[]}",0.0220432950077445
MCD19A2_A2022032_h28v07_061_2024227004719_01,0.1553523326781834,0.162,,2022-02-01,77,"{""type"":""MultiPoint"",""coordinates"":[]}",0.1553523326781834
MCD19A2_A2022032_h28v07_061_2024227004719_02,0.1108708710719726,0.1126915254237288,0.166,2022-02-01,237,"{""type"":""MultiPoint"",""coordinates"":[]}",0.1108708710719726
MCD19A2_A2022033_h28v07_061_2022349223648_01,0.0080292306909534,0.002,0.0,2022-02-02,311,"{""type"":""MultiPoint"",""coordinates"":[]}",0.0080292306909534
MCD19A2_A2022033_h28v07_061_2022349223648_03,0.0155755444586786,0.007,0.0,2022-02-02,152,"{""type"":""MultiPoint"",""coordinates"":[]}",0.0155755444586786
MCD19A2_A2022033_h28v07_061_2024227015305_01,0.0948461993188974,0.095,0.108,2022-02-02,308,"{""type"":""MultiPoint"",""coordinates"":[]}",0.0948461993188974
MCD19A2_A2022033_h28v07_061_2024227015305_03,0.1067182387208726,0.109,0.127,2022-02-02,128,"{""type"":""MultiPoint"",""coordinates"":[]}",0.1067182387208726
MCD19A2_A2022034_h28v07_061_2022349231220_01,0.046342620919825,0.0408263069139966,0.035,2022-02-03,313,"{""type"":""MultiPoint"",""coordinates"":[]}",0.046342620919825
MCD19A2_A2022034_h28v07_061_2022349231220_03,0.1851695207589011,0.188,,2022-02-03,96,"{""type"":""MultiPoint"",""coordinates"":[]}",0.1851695207589011
MCD19A2_A2022034_h28v07_061_2024227030227_01,0.1471994919495489,0.147,0.15,2022-02-03,313,"{""type"":""MultiPoint"",""coordinates"":[]}",0.1471994919495489
MCD19A2_A2022034_h28v07_061_2024227030227_03,0.1992506881329525,0.19,,2022-02-03,76,"{""type"":""MultiPoint"",""coordinates"":[]}",0.1992506881329525
MCD19A2_A2022035_h28v07_061_2022350000126_01,0.0085424425634824,0.007,0.001,2022-02-04,295,"{""type"":""MultiPoint"",""coordinates"":[]}",0.0085424425634824
MCD19A2_A2022035_h28v07_061_2022350000126_02,0.0678404793608521,0.047,,2022-02-04,15,"{""type"":""MultiPoint"",""coordinates"":[]}",0.0678404793608521
MCD19A2_A2022035_h28v07_061_2024227045830_01,0.2316344632202492,0.238,0.198,2022-02-04,277,"{""type"":""MultiPoint"",""coordinates"":[]}",0.2316344632202492
MCD19A2_A2022035_h28v07_061_2024227045830_02,0.2692756653992395,0.264,,2022-02-04,4,"{""type"":""MultiPoint"",""coordinates"":[]}",
MCD19A2_A2022037_h28v07_061_2022350005253_01,0.0708542816792913,0.072,,2022-02-06,30,"{""type"":""MultiPoint"",""coordinates"":[]}",0.0708542816792913
MCD19A2_A2022037_h28v07_061_2024227074813_01,0.31266046277666,0.334,,2022-02-06,8,"{""type"":""MultiPoint"",""coordinates"":[]}",0.31266046277666
MCD19A2_A2022038_h28v07_061_2022350013222_02,0.1974258520110531,0.1979999999999999,0.23,2022-02-07,193,"{""type"":""MultiPoint"",""coordinates"":[]}",0.1974258520110531
MCD19A2_A2022038_h28v07_061_2024227083819_02,0.2363194426635894,0.241,0.28,2022-02-07,185,"{""type"":""MultiPoint"",""coordinates"":[]}",0.2363194426635894
MCD19A2_A2022039_h28v07_061_2022350022815_01,0.4358046188164283,0.4359999999999999,,2022-02-08,90,"{""type"":""MultiPoint"",""coordinates"":[]}",0.4358046188164283
MCD19A2_A2022039_h28v07_061_2022350022815_02,0.434,0.434,,2022-02-08,1,"{""type"":""MultiPoint"",""coordinates"":[]}",
MCD19A2_A2022039_h28v07_061_2024227094233_01,0.6139478419794742,0.605,,2022-02-08,55,"{""type"":""MultiPoint"",""coordinates"":[]}",0.6139478419794742
MCD19A2_A2022040_h28v07_061_2022353162222_01,0.2967811969439728,0.304,,2022-02-09,18,"{""type"":""MultiPoint"",""coordinates"":[]}",0.2967811969439728
MCD19A2_A2022040_h28v07_061_2022353162222_04,0.1985079630015995,0.205,0.296,2022-02-09,57,"{""type"":""MultiPoint"",""coordinates"":[]}",0.1985079630015995
MCD19A2_A2022040_h28v07_061_2024229122845_01,0.306085833914864,0.301,,2022-02-09,22,"{""type"":""MultiPoint"",""coordinates"":[]}",0.306085833914864
MCD19A2_A2022040_h28v07_061_2024229122845_04,0.2386205494721657,0.24,,2022-02-09,59,"{""type"":""MultiPoint"",""coordinates"":[]}",0.2386205494721657
MCD19A2_A2022041_h28v07_061_2022353170447_01,0.0822590299979593,0.08,0.114,2022-02-10,231,"{""type"":""MultiPoint"",""coordinates"":[]}",0.0822590299979593
MCD19A2_A2022041_h28v07_061_2022353170447_02,0.2530979146872031,0.257,,2022-02-10,79,"{""type"":""MultiPoint"",""coordinates"":[]}",0.2530979146872031
MCD19A2_A2022041_h28v07_061_2024229134224_01,0.1899916839548202,0.192,0.224,2022-02-10,222,"{""type"":""MultiPoint"",""coordinates"":[]}",0.1899916839548202
MCD19A2_A2022041_h28v07_061_2024229134224_02,0.2835360467633688,0.2726482758620689,,2022-02-10,74,"{""type"":""MultiPoint"",""coordinates"":[]}",0.2835360467633688
MCD19A2_A2022044_h28v07_061_2022353185816_01,0.2414012667451376,0.252,,2022-02-13,70,"{""type"":""MultiPoint"",""coordinates"":[]}",0.2414012667451376
MCD19A2_A2022044_h28v07_061_2024229143039_01,0.4600070714039324,0.426,,2022-02-13,23,"{""type"":""MultiPoint"",""coordinates"":[]}",0.4600070714039324
MCD19A2_A2022045_h28v07_061_2022353194625_02,0.2370203279577176,0.233,0.287,2022-02-14,87,"{""type"":""MultiPoint"",""coordinates"":[]}",0.2370203279577176
MCD19A2_A2022045_h28v07_061_2024229145555_02,0.2546630024501688,0.247,0.329,2022-02-14,59,"{""type"":""MultiPoint"",""coordinates"":[]}",0.2546630024501688
MCD19A2_A2022046_h28v07_061_2022353202403_01,0.0535937709872397,0.043,0.092,2022-02-15,236,"{""type"":""MultiPoint"",""coordinates"":[]}",0.0535937709872397
MCD19A2_A2022046_h28v07_061_2022353202403_02,0.0492516301985219,0.037,,2022-02-15,54,"{""type"":""MultiPoint"",""coordinates"":[]}",0.0492516301985219
MCD19A2_A2022046_h28v07_061_2024229151359_01,0.2392643924412214,0.2436614785992217,0.316,2022-02-15,217,"{""type"":""MultiPoint"",""coordinates"":[]}",0.2392643924412214
MCD19A2_A2022046_h28v07_061_2024229151359_02,0.0820073823438941,0.042,,2022-02-15,38,"{""type"":""MultiPoint"",""coordinates"":[]}",0.0820073823438941
MCD19A2_A2022047_h28v07_061_2022353211132_02,0.2970589345333139,0.295,0.36,2022-02-16,27,"{""type"":""MultiPoint"",""coordinates"":[]}",0.2970589345333139
MCD19A2_A2022047_h28v07_061_2022353211132_03,0.3008504556752278,0.309,0.359,2022-02-16,19,"{""type"":""MultiPoint"",""coordinates"":[]}",0.3008504556752278
MCD19A2_A2022047_h28v07_061_2024229153406_02,0.3024609068856129,0.298,,2022-02-16,21,"{""type"":""MultiPoint"",""coordinates"":[]}",0.3024609068856129
MCD19A2_A2022047_h28v07_061_2024229153406_03,0.2998345742958886,0.305,,2022-02-16,12,"{""type"":""MultiPoint"",""coordinates"":[]}",0.2998345742958886
MCD19A2_A2022048_h28v07_061_2022353215513_01,0.1075203236528088,0.09,,2022-02-17,145,"{""type"":""MultiPoint"",""coordinates"":[]}",0.1075203236528088
MCD19A2_A2022048_h28v07_061_2022353215513_02,0.2453966302004312,0.253,0.272,2022-02-17,49,"{""type"":""MultiPoint"",""coordinates"":[]}",0.2453966302004312
MCD19A2_A2022048_h28v07_061_2024229155456_01,0.2132900039088873,0.204,,2022-02-17,111,"{""type"":""MultiPoint"",""coordinates"":[]}",0.2132900039088873
MCD19A2_A2022048_h28v07_061_2024229155456_02,0.2646233652156939,0.255,0.328,2022-02-17,40,"{""type"":""MultiPoint"",""coordinates"":[]}",0.2646233652156939
MCD19A2_A2022049_h28v07_061_2022353222150_01,0.204942796876177,0.207,,2022-02-18,158,"{""type"":""MultiPoint"",""coordinates"":[]}",0.204942796876177
MCD19A2_A2022049_h28v07_061_2024229162152_01,0.2887374460634107,0.2906935096153846,,2022-02-18,127,"{""type"":""MultiPoint"",""coordinates"":[]}",0.2887374460634107
